web-scraper-order,web-scraper-start-url,category-link-0,category-link-0-href,data-page-selector,data-page-selector-href,Article-headline-0,image-0-src,Brand-0,Category-0,Product Description-0
"1758851850-1","https://www.gssante.com/category/nos-produits/lirene/vitamin-energy-cd/?action=souscat&id_cat=38","PROTECTION SOLAIRE","https://www.gssante.com/category/nos-produits/lirene/protection-solaire/?action=souscat&id_cat=38","protection solaire pour toute la famille
                                Crème Visage pour Adulte SPF 50+
                                                                Ecran visage adulte SPF 50 + 40 ML
                                                            
                                                        Voir plus","https://www.gssante.com/creme-visage-pour-adulte-spf-50/?action=souscat&id_cat=38&id_cat1=52","Crème Visage pour Adulte SPF 50+","https://www.gssante.com/MtdGssante/uploads/2024/02/ecran-liren-40ml.jpg","Lirene","VITAMIN ENERGIE C+D","La lotion solaire rotative SPF50 + de Lirene offre une très haute protection aux peaux sensibles. L’émulsion imperméable fonde son action sur un système de filtres photostables sous forme de complexe UVBlock, qui protège la peau contre les effets négatifs des rayons UVA et UVB. L’association beurre de karité et allantoïne a un effet régénérant et apaisant sur la peau et la protège du dessèchement, rendant la peau délicate et veloutée au toucher. La vitamine E anti-radicalaire aide à prévenir le vieillissement cutané causé par la lumière du soleil et la protège des dommages."
"1758851853-2","https://www.gssante.com/category/nos-produits/lirene/vitamin-energy-cd/?action=souscat&id_cat=38","PROTECTION SOLAIRE","https://www.gssante.com/category/nos-produits/lirene/protection-solaire/?action=souscat&id_cat=38","protection solaire pour toute la famille
                                Lotion Solaire pour peau sensible SPF 50+
                                                                Lotion protectrice SPF 50+ 175ml
                                                            
                                                        Voir plus","https://www.gssante.com/lotion-solaire-pour-peau-sensible-spf-50/?action=souscat&id_cat=38&id_cat1=52","Lotion Solaire pour peau sensible SPF 50+","https://www.gssante.com/MtdGssante/uploads/2024/02/lirene-175ml.jpg","Lirene","VITAMIN ENERGIE C+D","LIRENE SUN LOTION PROTECTRICE SPF50+ 175ML
LIRENE SUN LOTION PROTECTRICE SPF50 possède un système de filtres organiques et minéraux photostables protège efficacement la peau contre les rayons UVA et UVB nocifs et protège l’ADN des cellules contre les dommages causés par l’exposition au soleil.
Le complexe à base de beurre de karité et d’allantoïne régénère l’épiderme, apaise les irritations, et la peau bronzée retrouve un aspect sain.
LIRENE SUN LOTION PROTECTRICE SPF50 contient des actifs aux propriétés anti-radicalaires qui préviennent le vieillissement cutané.
Composition : 
Aqua (Water), Dibutyl Adipate, Diethylamino Hydroxybenzoyl Hexyl Benzoate, C12-15 Alkyl Benzoate, Ethylhexyl Salicylate, Ethylhexyl Triazone, Bis-Ethylhexyloxyphenol Methoxyphenyl Triazine, Coco-Caprylate, Potassium Cetyl Phosphate, Zinc Oxide, Cetyl Alcohol, Propanediol, Dicaprylyl Carbonate, 1,2-Hexanediol, Glyceryl Stearate, Butyloctyl Salicylate, Allantoin, Glucose, Hydroxyacetophenone, Tocopheryl Acetate, Tocopherol, Undecane, Tridecane, Butyrospermum Parkii (Shea) Butter, Acrylates/C12-22 Alkyl Methacrylate Copolymer, Cetearyl Alcohol, Xanthan Gum, Cetearyl Glucoside, Arginine, Coco-Glucoside, Triethoxycaprylylsilane, Acacia Senegal Gum, Disodium Lauryl Sulfosuccinate
Conseils d’utilisation :

Appliquer la bonne quantité de LIRENE SUN LOTION PROTECTRICE SPF50sur la peau, de préférence 15 minutes avant l’exposition au soleil.
Pour une protection maximale, renouveler l’application toutes les 2 heures et après s’être essuyé, nagé ou avoir transpiré.
Une exposition excessive au soleil peut poser un risque sérieux pour la santé.
Évitez la surexposition ou protégez votre peau avec des filtres élevés lorsque le soleil est le plus fort. Protégez les bébés et les enfants des rayons directs du soleil.
Les produits de protection solaire n’offrent pas une protection à 100 %.
Afin d’atteindre le niveau de protection souhaité indiqué sur la crème solaire, les produits de protection solaire doivent être appliqués à raison de 2 mg/cm2, ce qui correspond à 6 cuillères à café d’émulsion (environ 36 grammes) sur le corps d’un adulte moyen.
Appliquer moins de produit solaire conduit à une protection moindre. Pour maintenir la protection, renouveler l’application toutes les 2 heures, après s’être essuyé, nagé ou avoir transpiré."
"1758851856-3","https://www.gssante.com/category/nos-produits/lirene/vitamin-energy-cd/?action=souscat&id_cat=38","PROTECTION SOLAIRE","https://www.gssante.com/category/nos-produits/lirene/protection-solaire/?action=souscat&id_cat=38","protection solaire pour toute la famille
                                Crème Visage pour Enfants SPF 50+
                                                                Sun Kids crème visage SPF 50+ 50ml
                                                            
                                                        Voir plus","https://www.gssante.com/creme-visage-pour-enfants-spf-50/?action=souscat&id_cat=38&id_cat1=52","Crème Visage pour Enfants SPF 50+","https://www.gssante.com/MtdGssante/uploads/2024/02/lirene-50ml.jpg","Lirene","VITAMIN ENERGIE C+D","LIRENE SUN KIDS CREME VISAGE SPF50+ 50ML
LIRENE SUN KIDS CREME VISAGE SPF50 possède un système de filtres UVA et UVB photostables qui protège des coups de soleil. La formule waterproof hydrate, nourrit et protège contre les agressions extérieures. La crème minimise les irritations et peut être utilisée dès l’âge de 7 mois.
Composition :
Aqua (Water), Dibutyl Adipate, C12-15 Alkyl Benzoate, Bis-Ethylhexyloxyphenol Methoxyphenyl Triazine, Diethylamino Hydroxybenzoyl Hexyl Benzoate, Ethylhexyl Salicylate, Ethylhexyl Triazone, Dicaprylyl Carbonate, Glycerin, Potassium Cetyl Phosphate, Glyceryl Stearate, Acrylates/C12-22 Alkyl Methacrylate Copolymer, Cetyl Alcohol, 1,2-Hexanediol, Butyloctyl Salicylate, Tripelargonin, Hydroxyacetophenone, Tocopherol, Gossypium Herbaceum (Cotton) Seed Oil, Carbomer, Arginine, Sodium Hydroxide, Xanthan Gum, Coco-Glucoside, Sodium Phytate, Disodium Lauryl Sulfosuccinate
Conseils d’utilisation : 

Appliquer une quantité appropriée de crème LIRENE SUN KIDS sur la peau du visage, de préférence 15 minutes avant l’exposition au soleil.
REMARQUE : Évitez la sur exposition au soleil – les produits de protection solaire ne fournissent pas une protection à 100 %.
Évitez la surexposition ou protégez votre peau avec des filtres élevés lorsque le soleil est le plus fort.
Protégez les bébés et les enfants des rayons directs du soleil."
"1758851860-4","https://www.gssante.com/category/nos-produits/lirene/vitamin-energy-cd/?action=souscat&id_cat=38","PROTECTION SOLAIRE","https://www.gssante.com/category/nos-produits/lirene/protection-solaire/?action=souscat&id_cat=38","protection solaire pour toute la famille
                                Lait Protecteur SPF50 (Au parfum de Vanille)
                                                                Sun kids lotion Protectrice SPF50 150ml
                                                            
                                                        Voir plus","https://www.gssante.com/lait-protecteur-spf50-au-parfum-de-vanille/?action=souscat&id_cat=38&id_cat1=52","Lait Protecteur SPF50 (Au parfum de Vanille)","https://www.gssante.com/MtdGssante/uploads/2024/02/lait-lirene-150ml.jpg","Lirene","VITAMIN ENERGIE C+D","LIRENE SUN KIDS LOTION PROTECTRICE ENFANTS SPF50 150ML
LIRENE SUN KIDS LOTION PROTECTRICE ENFANTS SPF50 possède un système de filtres UVA et UVB photostables qui protège des coups de soleil en absorbant les rayons et en bloquant leurs effets. La lotion renforce les mécanismes de défense naturels contre les rayons UV, et la teneur en vitamine E assure une bonne protection antioxydante.
L’huile de coton et les émollients hydratent et nourrissent la peau de bébé, l’empêchant de se dessécher.
LIRENE SUN KIDS Lotion waterproof à résistance renforcée à l’abrasion minimise les irritations et peut être utilisée dès l’âge de 7 mois.
Composition :
Aqua (Water), Dibutyl Adipate, Methylene Bis-Benzotriazolyl Tetramethylbutylphenol (nano), Ethylhexyl Salicylate, C12-15 Alkyl Benzoate, Diethylamino Hydroxybenzoyl Hexyl Benzoate, Glycerin, Potassium Cetyl Phosphate, Bis-Ethylhexyloxyphenol Methoxyphenyl Triazine, Titanium Dioxide, Ethylhexyl Triazone, 1,2-Hexanediol, Cetearyl Alcohol, Dimethicone, Allantoin, Hydrolyzed Linseed Extract, Hydroxyacetophenone, Tocopheryl Acetate, Gossypium Herbaceum (Cotton) Seed Oil, Decyl Glucoside, Cetearyl Olivate, Sorbitan Olivate, Acrylates/C10-30 Alkyl Acrylate Crosspolymer, Sodium Phytate, Stearic Acid, Xanthan Gum, Alumina, Propylene Glycol, Sodium Hydroxide, Phenoxyethanol, Parfum (Fragrance), Benzyl Salicylate
Conseils d’utilisation: 

Appliquer la bonne quantité de LIRENE SUN KIDS LOTIONsur la peau du corps, de préférence 15 minutes avant l’exposition au soleil.
 
Une exposition excessive au soleil peut poser un risque sérieux pour la santé.
Évitez la surexposition ou protégez votre peau avec des filtres élevés lorsque le soleil est le plus fort. Protégez les bébés et les enfants des rayons directs du soleil.
Les produits de protection solaire n’offrent pas une protection à 100 %.
Afin d’atteindre le niveau de protection souhaité indiqué sur la crème solaire, les produits de protection solaire doivent être appliqués à raison de 2 mg/cm2, ce qui correspond à 6 cuillères à café d’émulsion (environ 36 grammes) sur le corps d’un adulte moyen.
Appliquer moins de produit solaire conduit à une protection moindre. Pour maintenir la protection, renouveler l’application toutes les 2 heures, après s’être essuyé, nagé ou avoir transpiré."
"1758851863-5","https://www.gssante.com/category/nos-produits/lirene/vitamin-energy-cd/?action=souscat&id_cat=38","PROTECTION SOLAIRE","https://www.gssante.com/category/nos-produits/lirene/protection-solaire/?action=souscat&id_cat=38","protection solaire pour toute la famille
                                SOS : Lotion Après Soleil
                                                                sos baume après soleil 150ml
                                                            
                                                        Voir plus","https://www.gssante.com/sos-lotion-apres-soleil/?action=souscat&id_cat=38&id_cat1=52","SOS : Lotion Après Soleil","https://www.gssante.com/MtdGssante/uploads/2024/02/sos.jpg","Lirene","VITAMIN ENERGIE C+D","LIRENE SOS BAUME APRES SOLEIL 150ML
LIRENE SOS BAUME APRES SOLEIL est une préparation extrêmement efficace qui apaise les irritations cutanées causées par les bains de soleil. Élimine instantanément les effets d’une exposition excessive au soleil et d’une protection anti-UV insuffisante.
LIRENE SOS BAUME APRES SOLEIL a un effet apaisant sur les épidermes irrités, grâce à la dose choc de D-panthénol et d’allantoïne, qui éliminent l’effet de « brûlure de la peau ». L’huile de raisin et la vitamine E apportent un soulagement immédiat.
LIRENE APRES SOLEIL apporte un confort immédiat aux peaux sèches et irritées par le soleil. Il comble les carences en lipides et vitamines, nourrit intensément, tonifie et rétablit le niveau d’hydratation optimal. Les actifs nourrissent la peau en profondeur et lui redonnent ses fonctions. Ils renforcent son système de protection naturel, limitant le processus de vieillissement et protégeant contre les agressions extérieures.
Texture non grasse qui s’étale facilement sur les peaux irritées.
Composition : 
Aqua (Water), Glycerin, Panthenol, PPG-15 Stearyl Ether, Steareth-2, Vitis Vinifera (Grape) Seed Oil, Steareth-21, Allantoin, Cetearyl Alcohol, Dimethicone, Hydroxyacetophenone, Isohexadecane, Tocopheryl Acetate, BHT, Butyrospermum Parkii (Shea) Butter, Isopropyl Palmitate, Lanolin, Tromethamine, Stearic Acid, Palmitic Acid, Carbomer, Acrylates/C10-30 Alkyl Acrylate Crosspolymer, Ethylhexylglycerin, Phenoxyethanol, Parfum (Fragrance), Limonene, Benzyl Salicylate, Linalool, Citronellol
Conseils d’utilisation : 

Appliquez LIRENE SOS BAUME APRES SOLEILsur la peau irritée et étalez-la doucement en laissant une fine couche à absorber.
Les cas de coups de soleil étendus ou profonds nécessitent des soins médicaux."
"1758851866-6","https://www.gssante.com/category/nos-produits/lirene/vitamin-energy-cd/?action=souscat&id_cat=38","PROTECTION SOLAIRE","https://www.gssante.com/category/nos-produits/lirene/protection-solaire/?action=souscat&id_cat=38","protection solaire pour toute la famille
                                Huile Sèche SPF 50 (Sur peau humide et sèche)
                                                                huile sèche SPF 50 150ml
                                                            
                                                        Voir plus","https://www.gssante.com/huile-seche-spf-50-sur-peau-humide-et-seche/?action=souscat&id_cat=38&id_cat1=52","Huile Sèche SPF 50 (Sur peau humide et sèche)","https://www.gssante.com/MtdGssante/uploads/2024/02/huil-lirene-150ml.jpg","Lirene","VITAMIN ENERGIE C+D","LIRENE HUILE SECHE SPF50 150ML
LIRENE HUILE SECHE SPF50 contient un système de filtres organiques photostables protège efficacement la peau contre les rayons UVA et UVB nocifs.
De plus l’huile d’argan contenue dans LIRENE HUILE SECHE SPF50 lubrifie et hydrate la peau en douceur, garantissant un bronzage magnifique et doré. Laisse la peau douce, lisse et veloutée au toucher.
La formule de l’huile seche lirene est riche en principes actifs sous forme d’émetteurs aux propriétés hydratantes et nourrissantes. Ils renforcent la barrière hydrolipidique de la peau, la protégeant efficacement contre le dessèchement.
Composition :
Conseils d’utilisation :

Appliquer la bonne quantité d’huile LIRENE HUILE SECHE sur la peau du corps, de préférence 15 minutes avant l’exposition au soleil.
L’huile peut être utilisée sur peau humide ou sèche.
Afin d’atteindre le niveau de protection souhaité indiqué sur la crème solaire, les produits de protection solaire doivent être appliqués à raison de 2 mg/cm2, ce qui correspond à 6 cuillères à café d’émulsion (environ 36 grammes) sur le corps d’un adulte moyen.
Appliquer moins de produit solaire conduit à une protection moindre. Pour maintenir la protection, renouveler l’application toutes les 2 heures, après s’être essuyé, nagé ou avoir transpiré.
Une exposition excessive au soleil peut être un grave danger pour la santé. Évitez la surexposition ou protégez votre peau avec un SPF élevé lorsque le soleil est le plus fort. Les produits de protection solaire n’offrent pas une protection à 100 %."
"1758851873-7","https://www.gssante.com/category/nos-produits/lirene/vitamin-energy-cd/?action=souscat&id_cat=38","GELS POUR L'HYGIÈNE INTIME","https://www.gssante.com/category/nos-produits/lirene/gels-intimes/?action=souscat&id_cat=38","SOINS GYNÈCOLOGIQUE
                                GEL ANTI-INFLAMMATOIRE
                                                                Lactima Therapy 300ml
                                                            
                                                        Voir plus","https://www.gssante.com/gel-anti-inflammatoire/?action=souscat&id_cat=38&id_cat1=51","GEL ANTI-INFLAMMATOIRE","https://www.gssante.com/MtdGssante/uploads/2024/02/gel-intime-violet.jpg","Lirene","VITAMIN ENERGIE C+D","LIRENE LACTIMA THERAPY Gel Intime Anti Inflammatoire 300ML
LIRENE LACTIMA THERAPY Gel Intime Anti Inflammatoire est conçu pour le nettoyage quotidien et le soin de la zone intime féminine, également la peau sujette aux irritations et aux infections.
Efficacité confirmée par de nombreux tests effectués au Laboratoire Lirene. Produits recommandés par les gynécologues.
Formulation à base d’ingrédients actifs naturels qui répondent à divers besoins féminins. LIRENE LACTIMA THERAPY ne contient pas de savon et de colorants.
LIRENE LACTIMA THERAPY :

Favorise la réduction de l’inflammation et des rougeurs
Offre une protection durable contre les irritations
Réduit le risque de développer des infections
Nettoie et rafraîchit en douceur la zone intime
Aide à maintenir le niveau de pH physiologique naturel

LIRENE LACTIMA THERAPYContient :

L’acide lactique aide à rétablir le pH naturel de la zone intime, assurant une protection antifongique et un équilibre microbien.
L’extrait de réglisse, grâce à ses propriétés apaisantes et anti-inflammatoires, aide à améliorer les infections de la zone intime. En même temps, il a un effet bactériostatique, inhibant la croissance et la reproduction des micro-organismes. Il apaise les irritations et soulage les démangeaisons et les picotements.

Composition : 
 Aqua, Sodium Laureth Suflate, Cocamidopropyl Betaine, PEG-7 Glyceryl Cocoate, Butylene Glycol, Coco-Glucoside, Lactic Acid, Propylene Glycol, PEG-120 Methyl Glucose Trioleate, Glycyrrhetinic Acid, Methylchloroisothiazolinone, Methylisothiazolinone, Parfum, Benzyl Alcohol
Conseils d’utilisation :

Laver la zone intime en appliquant une petite quantité de LIRENE LACTIMA THERAPYsur peau humide.
Rincez abondamment.
Pour usage externe uniquement."
"1758851876-8","https://www.gssante.com/category/nos-produits/lirene/vitamin-energy-cd/?action=souscat&id_cat=38","GELS POUR L'HYGIÈNE INTIME","https://www.gssante.com/category/nos-produits/lirene/gels-intimes/?action=souscat&id_cat=38","SOINS GYNÈCOLOGIQUE
                                GEL PROTECTEUR ET HYDRATANT
                                                                Lactima Duo Forte+ 300ml
                                                            
                                                        Voir plus","https://www.gssante.com/gel-protecteur-et-hydratant/?action=souscat&id_cat=38&id_cat1=51","GEL PROTECTEUR ET HYDRATANT","https://www.gssante.com/MtdGssante/uploads/2024/02/gel-intime-rose.jpg","Lirene","VITAMIN ENERGIE C+D","LIRENE LACTIMA DUO FORTE Gel Intime 300ML
LIRENE LACTIMA DUO FORTE Gel Intime a une formule spécialement conçue pour le nettoyage et le soin quotidien de la zone intime féminine sujette aux irritations et aux infections.
C’était un effet nettoyant thérapeutique et contient un double complexe innovant qui comprend de l’acide lactique et des prébiotiques :

contribue à la réduction de l’inflammation et des rougeurs. Le prébiotique naturel contenu dans la formule stimule la croissance de la microflore bactérienne physiologique qui aide à calmer les irritations et à soulager les démangeaisons et les picotements. Il offre une protection durable contre les irritations récurrentes et réduit le risque de développer des infections dans la zone intime. L’acide lactique aide à rétablir le pH naturel de la zone intime, assurant une protection antifongique et un équilibre microbien.
nettoie et rafraîchit facilement la zone intime, offrant un confort qui dure toute la journée. En raison des propriétés hydratantes de la glycérine, elle prévient le dessèchement excessif de la muqueuse.
LIRENE LACTIMA DUO FORTE ne contient pas de savon, de colorants ou de parabènes, il est exceptionnellement doux et sans danger pour la peau.

LIRENE LACTIMA DUO FORTE Gel Intime est riche en :

L’acide lactique aide à rétablir le pH naturel de la zone intime, assurant une protection antifongique et un équilibre microbien.
L’inuline stimule la croissance de la microflore bactérienne physiologique qui aide à calmer les irritations et à soulager les démangeaisons et les brûlures. Il offre une protection durable contre les irritations récurrentes et réduit le risque de développer des infections dans la zone intime.
L’urée retient l’hydratation dans les tissus, augmentant l’efficacité des produits cosmétiques. De plus, l’urée augmente la quantité d’eau dans l’épiderme. Un autre effet de l’urée dans les cosmétiques sur la peau est qu’elle permet à d’autres produits chimiques contenus dans les cosmétiques de pénétrer profondément dans la peau.
La glycérine a de très bonnes propriétés hydratantes et élimine les cellules mortes grâce à l’apport de protéines dans ce processus. Les protéines sont chargées d’organiser les cellules ensemble et d’empêcher la formation de nouvelles cellules.

Composition :
Aqua ( Water ), Sodium Laureth Sulfate, Cocamidopropyl Betaine, Glycerin, PEG-18 Glyceryl Oleate / Cocoate, Lactic Acid, Disodium EDTA, Styrene/Acrylates Copolymer, Disodium Ricinoleamido MEA-Sufosuccinate, Inulin, PEG-129 Methyl Glucose Trioleate, Propylene Glycol, Alpha-Glucan Oligosaccharide, Diazolidinyl Urea, Sodium Benzoate, Potassium Sorbate, Parfum ( Fragrance )
Conseils d’utilisation : 

Laver la zone intime en appliquant une petite quantité de LIRENE LACTIMA DUO FORTE sur peau humide.
Rincez abondamment.
Pour usage externe uniquement."
"1758851883-9","https://www.gssante.com/category/nos-produits/lirene/vitamin-energy-cd/?action=souscat&id_cat=38","AQUA BUBBLES","https://www.gssante.com/category/nos-produits/lirene/aqua-bubbles/?action=souscat&id_cat=38","aqua bubbles
                                EAU TONIQUE
                                                                Eau micellaire 200ml
                                                            
                                                        Voir plus","https://www.gssante.com/eau-tonique/?action=souscat&id_cat=38&id_cat1=50","EAU TONIQUE","https://www.gssante.com/MtdGssante/uploads/2024/02/eau.jpg","Lirene","VITAMIN ENERGIE C+D","LIRENE AQUA BUBBLES FACIAL TONER est un tonique hydratant pour tous les types de peau. Maintient l’hydratation de la peau, lui donne un éclat et une apparence saine  – Lirene Aqua Bubbles.
Le tonique hydratant léger pour le visage Lirene Aqua Bubbles contient de l’eau de mer, des électrolytes et de l’acide hyaluronique sous 4 formes.
Eau de mer terrestre – L’eau de mer procure de l’éclat et une apparence saine.
Acide hyaluronique 4D – hydrate et maintient l’hydratation de la peau.
Électrolytes – sodium et cuivre : aident à équilibrer la peau."
"1758851887-10","https://www.gssante.com/category/nos-produits/lirene/vitamin-energy-cd/?action=souscat&id_cat=38","AQUA BUBBLES","https://www.gssante.com/category/nos-produits/lirene/aqua-bubbles/?action=souscat&id_cat=38","aqua bubbles
                                MOUSSE NETTOYANTE
                                                                Mousse nettoyante 150ml
                                                            
                                                        Voir plus","https://www.gssante.com/mousse-nettoyante-3/?action=souscat&id_cat=38&id_cat1=50","MOUSSE NETTOYANTE","https://www.gssante.com/MtdGssante/uploads/2024/02/mousse.jpg","Lirene","VITAMIN ENERGIE C+D","LIRENE AQUA BUBBLES Mousse nettoyante Hydratant, mousse délicate. Nourrit et hydrate la peau, lui redonnant son apparence saine – Lirene Aqua Bubbles.
Hydratation en 5 secondes Lirene Aqua Bubbles. La délicate mousse nettoyante pour le visage nourrit et hydrate la peau, lui redonnant son apparence saine.
4D acide hyaluronique – hydrate et maintient l’hydratation à l’intérieur de la peau pendant longtemps.

Électrolytes – Zinc, Cuivre, Calcium, Magnésium: équilibre la peau.

Terre Marine Eau – l’eau de mer redonne éclat et bonne mine.
Composition:
Aqua (eau), glycérine, cocamidopropyl bétaïne, bétaïne, tréhalose, gluconate de cuivre, gluconate de zinc, Maris Aqua (eau de mer), hyaluronate acétylé de sodium, hyaluronate de sodium, polymère croisé d’hyaluronate de sodium, hyaluronate de sodium hydrolysé, acide de noix de coco, chlorure de sodium, polyglycéryl- 4 Caprate, Cocoamphoacétate de sodium, Lauryl Glucoside, Sodium Cocoyl Glutamate, Sodium Lauryl Glucose Carboxylate, Hydroxyde de Sodium, Gluconate de Calcium, Pentylène Glycol, Sulfate de Magnésium, Ethylhexylglycérine, Gluconolactone, Benzoate de Sodium, Parfum (Fragrance), CI 42090 (FD&C Blue No. 1 )."
"1758851890-11","https://www.gssante.com/category/nos-produits/lirene/vitamin-energy-cd/?action=souscat&id_cat=38","AQUA BUBBLES","https://www.gssante.com/category/nos-produits/lirene/aqua-bubbles/?action=souscat&id_cat=38","aqua bubbles
                                GEL NETTOYANT
                                                                gel nettoyant visage 150ml
                                                            
                                                        Voir plus","https://www.gssante.com/gel-nettoyant/?action=souscat&id_cat=38&id_cat1=50","GEL NETTOYANT","https://www.gssante.com/MtdGssante/uploads/2024/02/GEL-LIRENE.jpg","Lirene","VITAMIN ENERGIE C+D","LIRENE AQUA BUBBLES gel nettoyant visage hydratant gel nettoyant pour tous types de peau.
Nettoie et nourrit efficacement la peau, hydrate et maintient l’hydratation à l’intérieur de la peau – Lirene Aqua Bubbles.
Hydratation en 5 secondes Lirene Aqua Bulles.
La formule innovante du gel visage, grâce à la teneur en capsules de vitamines et d’électrolytes , nettoie et nourrit efficacement votre peau.
Acide hyaluronique, Terre Eau Marine et aloès assurer une bonne hydratation et un bon lissage.

Terre Eau Marine – l’eau de mer riche en minéraux, redonne éclat et fraîcheur.

Acide hyaluronique 4D – 4 formes d’acide hyaluronique, hydratent et maintiennent l’hydratation à l’intérieur de la peau.

Électrolytes – zinc, cuivre: équilibre la peau.

Microcapsules à la vitamine E – frotter doucement, libérant des vitamines.

Aloès – hydrate, lisse et apaise.
Composition:
Aqua (eau), glycérine, cocamidopropyl bétaïne, bétaïne, polyacrylate Crosspolymer-6, coco-glucoside, mannitol, gluconate de cuivre, gluconate de zinc, jus de feuille d’Aloe Barbadensis, Maris Aqua (eau de mer), hyaluronate de sodium acétylé, hyaluronate de sodium, hyaluronate de sodium Polymère croisé, hyaluronate de sodium hydrolysé, acétate de tocophéryle, acide de noix de coco, chlorure de sodium, alcool t-butylique, cellulose microcristalline, phytate de sodium, kaolin, silice, hydroxypropylméthylcellulose, pentylène glycol, éthylhexylglycérine, benzoate de sodium, sorbate de potassium, parfum (parfum), CI 77007 (Ultramarines), CI 42090 (FD&C Blue No. 1)."
"1758851893-12","https://www.gssante.com/category/nos-produits/lirene/vitamin-energy-cd/?action=souscat&id_cat=38","AQUA BUBBLES","https://www.gssante.com/category/nos-produits/lirene/aqua-bubbles/?action=souscat&id_cat=38","aqua bubbles
                                HYDROGEL VISAGE JOUR & NUIT(Peau Sèche)
                                                                Hydrogel visage jour et nuit 50 ml
                                                            
                                                        Voir plus","https://www.gssante.com/hydrogel-visage-jour-nuitpeau-seche/?action=souscat&id_cat=38&id_cat1=50","HYDROGEL VISAGE JOUR & NUIT(Peau Sèche)","https://www.gssante.com/MtdGssante/uploads/2024/02/jour-aqua.jpg","Lirene","VITAMIN ENERGIE C+D","LIRENE Aqua Bubbles Hydrogel Visage Jour et Nuit instantanément et en profondeur hydrate la peau, lui donne de l’énergie.
Il redonne à la peau son éclat de jeunesse.
L’hydrogel a une formule gel légère au parfum rafraîchissant et subtil. Il absorbe immédiatement. Destiné à être utilisé de jour comme de nuit. Créé pour les peaux sèches et déshydratées.
Produit végétalien. Contient 97% d’ingrédients d’origine naturelle.
Ingrédients actifs:
4D acide hyaluronique (4 formes d’acide hyaluronique) – hydrate et maintient l’hydratation à l’intérieur de la peau

Earth Marine Water (eau de mer riche en minéraux) – donne à la peau un éclat et une apparence saine

électrolytes (zinc, cuivre, magnésium et calcium) – maintenir l’équilibre de la peau

gélules à la vitamine E – reconstruisent, nourrissent et ralentissent le processus de vieillissement de la peau
PRÉPARATION ET UTILISATION

Utilisez LIRENE Aqua Bubbles Day and Night Facial Hydrogel matin et soir, massez la crème sur la peau du visage, du cou et du décolleté.
INGRÉDIENTS

Aqua (eau), propanediol, glycérine, pentylène glycol, alcool dénaturé, carbomère, maris aqua (eau de mer), extrait de fruit d’agrumes aurantium dulcis (orange), hyaluronate de sodium, mannitol, gluconate de cuivre, gluconate de zinc, extrait de spiruline platensis, sodium Hyaluronate acétylé, polymère croisé d’hyaluronate de sodium, hyaluronate de sodium hydrolysé, acétate de tocophéryle, hydroxyéthylcellulose, caprate de polyglycéryle-4, hydroxyde de sodium, phytate de sodium, cellulose microcristalline, gluconate de calcium, kaolin, silice, sulfate de magnésium, hydroxypropylméthylcellulose, tréhalose, citrate de sodium, éthylhexylglycérine , Gluconolactone, Sodium Benzoate, Potassium Sorbate, Parfum (Fragrance), CI 77007 (Ultramarines), CI 42090 (FD&C Blue No. 1)."
"1758851896-13","https://www.gssante.com/category/nos-produits/lirene/vitamin-energy-cd/?action=souscat&id_cat=38","AQUA BUBBLES","https://www.gssante.com/category/nos-produits/lirene/aqua-bubbles/?action=souscat&id_cat=38","aqua bubbles
                                HYDROCRÈME (Peau normale à mixte)
                                                                hydro-crème Jour Nuit 50 ml
                                                            
                                                        Voir plus","https://www.gssante.com/hydrocreme-peau-normale-a-mixte/?action=souscat&id_cat=38&id_cat1=50","HYDROCRÈME (Peau normale à mixte)","https://www.gssante.com/MtdGssante/uploads/2024/02/hydro-creme.jpg","Lirene","VITAMIN ENERGIE C+D","LIRENE Aqua Bulles hydro-crème Jour Nuit, en profondeur hydratant, jour et nuit L’hydrocrème Aqua Bubbles profondément hydratante hydrate instantanément et maintient une bonne hydratation de la peau.
Il la rend nourrie, régénérée et retrouve son éclat naturel.
L’Hydro-crème a une formule légère riche en actifs au parfum rafraîchissant et subtil. Il absorbe instantanément. Destiné à être utilisé de jour comme de nuit. Convient à tous les types de peau.
LIRENE Aqua Bubbles hydro-crème Jour Nuit est un produit Vegan. Contient 97% d’ingrédients d’origine naturelle.
Ingrédients actifs:
4D acide hyaluronique (4 formes d’acide hyaluronique) – hydrate et maintient l’hydratation à l’intérieur de la peau

Earth Marine Water (eau de mer riche en minéraux) – donne à la peau un éclat et une apparence saine

électrolytes (zinc, cuivre, magnésium et calcium) – maintenir l’équilibre de la peau

gélules à la vitamine E – reconstruisent, nourrissent et ralentissent le processus de vieillissement de la peau
PRÉPARATION ET UTILISATION

Matin et soir, massez la crème sur la peau du visage, du cou et du décolleté.
INGRÉDIENTS

Aqua (eau), propanediol, carbonate de dicaprylyle, palmitate d’isopropyle, citrate de stéarate de glycéryle, alcool cétéarylique, jus de feuille d’aloe barbadensis, tripelargonine, 1,2-hexanediol, squalane, stéarate de glycéryle, huile de son d’Oryza Sativa (riz), Maris Aqua (mer Eau), mannitol, hyaluronate de sodium, gluconate de cuivre, gluconate de zinc, hyaluronate de sodium acétylé, polymère croisé d’hyaluronate de sodium, hyaluronate de sodium hydrolysé, hydroxyacétophénone, tocophérol, acétate de tocophéryle, beurre de butyrospermum parkii (karité), huile de graines d’helianthus annuus (tournesol), C14- 22 alcools, glycérine, alkyl glucoside C12-20, hectorite de stéaralkonium, carbomère, cellulose microcristalline, hydroxyde de sodium, carbonate de propylène, kaolin, silice, hydroxypropylméthylcellulose, gluconate de calcium, sulfate de magnésium, pentylène glycol, éthylhexylglycérine, gluconolactone, benzoate de sodium, sorbate de potassium , Parfum (Fragrance), CI 77007 (Ultramarines), CI 42090 (FD&C Blue No. 1)."
"1758851899-14","https://www.gssante.com/category/nos-produits/lirene/vitamin-energy-cd/?action=souscat&id_cat=38","AQUA BUBBLES","https://www.gssante.com/category/nos-produits/lirene/aqua-bubbles/?action=souscat&id_cat=38","aqua bubbles
                                HYDROSERUM (Tous types de peaux)
                                                                hydro-sérum 30 ml
                                                            
                                                        Voir plus","https://www.gssante.com/hydroserum-tous-types-de-peaux/?action=souscat&id_cat=38&id_cat1=50","HYDROSERUM (Tous types de peaux)","https://www.gssante.com/MtdGssante/uploads/2024/02/srum-liren.jpg","Lirene","VITAMIN ENERGIE C+D","LIRENE Aqua Bulles hydro-sérum Profondément hydratant Hydrosérum Aqua Bulles hydrate et nourrit la peau de manière multidimensionnelle et à long terme.
Il redonne à la peau son éclat de jeunesse.
Hydro-sérum a une formule gel légère avec un parfum rafraîchissant et subtil. Destiné à être utilisé de jour comme de nuit. Convient à tous les types de peau.
Produit végétalien. Contient 99% d’ingrédients d’origine naturelle.
PRÉPARATION ET UTILISATION

Appliquez l’hydro-sérum LIRENE Aqua Bubbles sur la peau nettoyée du visage, du cou et du décolleté. Utiliser le matin et le soir.
Ingrédients actifs:
4D acide hyaluronique (4 formes d’acide hyaluronique) – hydrate et maintenir l’hydratation à l’intérieur de la peau

Earth Marine Water (eau de mer riche en minéraux) – donne à la peau un éclat et une apparence saine

électrolytes (zinc, cuivre, magnésium et calcium) – maintiennent l’équilibre cutané

gélules à la vitamine E – reconstruisent, nourrissent et ralentissent le processus de vieillissement de la peau
INGRÉDIENTS

Aqua (eau), propanediol, tréhalose, polyglycéryl-4 caprate, pentylène glycol, maris aqua (eau de mer), mannitol, hyaluronate de sodium, gluconate de cuivre, gluconate de zinc, hyaluronate de sodium acétylé, polymère croisé d’hyaluronate de sodium, hyaluronate de sodium hydrolysé, acétate de tocophéryle, Carbomère, glycérine, hydroxyde de sodium, phytate de sodium, cellulose microcristalline, gluconate de calcium, kaolin, silice, hydroxypropylméthylcellulose, sulfate de magnésium, éthylhexylglycérine, gluconolactone, benzoate de sodium, parfum (parfumé), CL 77007 (Ultramarines), CL 42090 (FD & C Blue No 1), Alpha-Isomethyl lonone, Limonene, Geraniol, Citronellol."
"1758851905-15","https://www.gssante.com/category/nos-produits/lirene/vitamin-energy-cd/?action=souscat&id_cat=38","ACIDE POWER","https://www.gssante.com/category/nos-produits/lirene/acide-power/?action=souscat&id_cat=38","Acid Power
                                Sèrum Exfoliant Anti-Tâches
                                                                Peaux Hyperpigmentées & Peaux grasses 30ml
                                                            
                                                        Voir plus","https://www.gssante.com/serum-exfoliant-anti-taches/?action=souscat&id_cat=38&id_cat1=49","Sèrum Exfoliant Anti-Tâches","https://www.gssante.com/MtdGssante/uploads/2024/02/serum-rouge.jpg","Lirene","VITAMIN ENERGIE C+D","LIRENE ACID POWER SERUM EXFOLIANT 30ML
LIRENE ACID POWER SERUM EXFOLIANT contient un complexe d’acides glycolique, mandélique et phytique (7%) qui pénètre dans l’épiderme, stimulant fortement l’exfoliation des cellules kératinisées et la formation de nouvelles.
LIRENE ACID POWER SERUM EXFOLIANT permet le renouvellement accéléré de l’épiderme, grâce auquel la peau est progressivement nettoyée, et le nombre de décolorations et de points noirs est réduit.
Composition :

COMPLEXE D’ACIDES GLYCOLIQUE, MANDÉLIQUE ET PHYTIQUE (7%)
ACIDE GLYCOLIQUE : stimule la production de protéines de soutien de la peau, grâce auxquelles les fines rides sont comblées de l’intérieur et les pores deviennent moins visibles
ACIDE D’AMANDE : réduit le nombre d’imperfections et la tendance à leur formation
ACIDE PHYTIQUE : inhibe l’activité de la tyrosinase (une enzyme responsable de la formation de la mélanine), réduisant la décoloration et unifiant le teint de la peau
HYDROLAT DE PAMPLEMOUSSE réduit la tendance au gras, nettoie et désobstrue les pores

Aqua (Water), Glycerin, Propanediol, Glycolic Acid, Mandelic Acid, Sodium Hydroxide, Citrus Grandis (Grapefruit) Fruit Extract, Inulin, Fructose, Glucose, Phytic acid, Cellulose Gum, Sodium Phytate, Xanthan Gum, Cellulose, Calcium Gluconate, Gluconolactone, Sodium Benzoate, Potassium Sorbate
Conseils d’utilsiation : 

Masser LIRENE ACID POWER SERUM EXFOLIANT le soir sur la peau du visage nettoyée et soigneusement séchée en évitant le contour des yeux et de la bouche.
Appliquez votre crème Lirene préférée.
Pendant l’utilisation et une semaine après utilisation, il est recommandé de protéger la peau avec un filtre UV élevé contre l’exposition au soleil.
Immédiatement après l’application, il peut y avoir une légère sensation de brûlure, qui est une réaction naturelle de la peau à l’action des acides."
"1758851908-16","https://www.gssante.com/category/nos-produits/lirene/vitamin-energy-cd/?action=souscat&id_cat=38","ACIDE POWER","https://www.gssante.com/category/nos-produits/lirene/acide-power/?action=souscat&id_cat=38","Acid Power
                                Crème Hydratante
                                                                Peaux Hyperpigmentées & Peaux grasses 50ml
                                                            
                                                        Voir plus","https://www.gssante.com/creme-hydratante/?action=souscat&id_cat=38&id_cat1=49","Crème Hydratante","https://www.gssante.com/MtdGssante/uploads/2024/02/acid-power-rouge.jpg","Lirene","VITAMIN ENERGIE C+D","LIRENE ACID POWER CREME TONIFIANTE ET REVITALISANTE 50ML
LIRENE ACID POWER CREME REVITALISANTE permet à la peau de s’unifier progressivement et le visage retrouve sa fraîcheur et son éclat de jeunesse.
LIRENE ACID POWER CREME REVITALISANTE améliore le métabolisme cellulaire, oxygénant et revitalisant la peau, possède des propriétés antioxydantes et réduit les rides; de manière douce pour la peau, il accélère l’exfoliation et le renouvellement de l’épiderme, grâce à quoi le nombre de décolorations, de pores dilatés et de points noirs diminue progressivement.
Composition : 

Acide succinique
NIACINAMIDE : inhibe l’activité de la tyrosinase (une enzyme responsable de la formation de la mélanine), grâce à laquelle elle atténue les décolorations, prévient la formation de nouvelles et unifie le teint de la peau
ACIDE CITRIQUE : renforce l’effet éclaircissant
HYDROLAT DE PAMPLEMOUSSE : prévient la sécrétion excessive de sébum et la brillance de la peau; permet de débloquer les pores et de restaurer leur bonne taille
ACIDE HYALURONIQUEDE HAUT MOLÉCULAIRE : minimise la perte d’eau de l’épiderme, lisse la peau
VITAMINE E : a un effet rajeunissant et protecteur


Aqua (Water), Propanediol, Glyceryl Stearate, Butyrospermum Parkii (Shea) Butter, C13-15 Alkane, Cetearyl Alcohol, Dimethicone, Cetyl Alcohol, C15-19 Alkane, Glycerin, Niacinamide, Succinic Acid, Citrus Grandis (Grapefruit) Fruit Extract, Sodium Hyaluronate, Cannabis Sativa (Hemp) Seed Oil, C13-14 Isoparaffin, Helianthus Annuus (Sunflower) Seed Oil, PEG-75 Stearate, Hydroxyacetophenone, Polyacrylamide, Ceteth-20, Steareth-20, Xanthan Gum, Citric Acid, Tocopherol, Laureth-7, Sodium Phytate, Sodium Benzoate, Potassium Sorbate, Parfum (Fragrance)

 
Conseils d’utilisation : 
 


Matin et soir, masser LIRENE ACID POWER CREME sur la peau du visage et du cou en évitant le contour des yeux.
Pendant l’utilisation, protéger la peau avec un filtre UV contre l’exposition au soleil.
Immédiatement après l’application, il peut y avoir une légère sensation de brûlure, qui est une réaction naturelle de la peau à l’action des acides."
"1758851910-17","https://www.gssante.com/category/nos-produits/lirene/vitamin-energy-cd/?action=souscat&id_cat=38","ACIDE POWER","https://www.gssante.com/category/nos-produits/lirene/acide-power/?action=souscat&id_cat=38","Acid Power
                                Sèrum Lissant
                                                                Peaux Matures 30ml
                                                            
                                                        Voir plus","https://www.gssante.com/serum-lissant/?action=souscat&id_cat=38&id_cat1=49","Sèrum Lissant","https://www.gssante.com/MtdGssante/uploads/2024/02/serum-violet.jpg","Lirene","VITAMIN ENERGIE C+D","LIRENE ACID POWER SERUM LISSANT A L’EXTRAIT DE ROSE 30ML
LIRENE ACID POWER SERUM LISSANT possède une formules innovante contenant une combinaison unique d’acides cosmétiques spécialisés dans une concentration élevée – 7% et d’hydrolats apaisants. Un pH correctement sélectionné minimise le risque d’irritation et de desquamation disgracieuse de la peau, permettant une stimulation régulière et non agressive des cellules pour la régénération.
Grâce à cela, la structure et la couleur de la peau s’unifient progressivement et le visage retrouve sa fraîcheur et son éclat de jeunesse.
LES ACIDES AHA/PHA PERMETTENT DE:

réduire les imperfections et les décolorations
réguler le renouvellement cellulaire, réduire les rides
désobstrue les pores et uniformise le grain de peau
hydrater la peau.

Composition : 

COMPLEXE D’ACIDES GLYCOLIQUE, ETE ET LACTIQUE (7%) : stimule les processus de renouvellement naturel de la peau, dans lesquels les cellules épidermiques kératinisées sont remplacées par de nouvelles cellules plus jeunes
Acide succinique : améliore le métabolisme cellulaire et a un fort effet antioxydant, gardant la peau jeune plus longtemps
ACIDE LACTIQUE : lie l’eau dans les structures de l’épiderme, augmentant le niveau d’hydratation pendant une longue période
20% HYDROLAT DE ROSE STULIAL : a un effet lissant, anti-âge et apaisant

Aqua (Water), Rosa Centifolia Flower Water, Glycerin, Propanediol, Succinic Acid, Lactic Acid, Glycolic Acid, Sodium Hydroxide, Inulin, Fructose, Glucose, Cellulose Gum, Sodium Phytate, Xanthan Gum, Calcium Gluconate, Cellulose, Gluconolactone, Sodium Benzoate
Conseils d’utilisation : 

Masser LIRENE ACID POWER SERUM le soir sur la peau du visage nettoyée et soigneusement séchée en évitant le contour des yeux et de la bouche.
Appliquez votre crème Lirene préférée.
Pendant l’utilisation et une semaine après utilisation, il est recommandé de protéger la peau avec un filtre UV élevé contre l’exposition au soleil.
Immédiatement après l’application, il peut y avoir une légère sensation de brûlure, qui est une réaction naturelle de la peau à l’action des acides."
"1758851914-18","https://www.gssante.com/category/nos-produits/lirene/vitamin-energy-cd/?action=souscat&id_cat=38","ACIDE POWER","https://www.gssante.com/category/nos-produits/lirene/acide-power/?action=souscat&id_cat=38","Acid Power
                                Crème Comblante
                                                                Peaux Matures 50ml
                                                            
                                                        Voir plus","https://www.gssante.com/creme-comblante/?action=souscat&id_cat=38&id_cat1=49","Crème Comblante","https://www.gssante.com/MtdGssante/uploads/2024/02/creme-violet.jpg","Lirene","VITAMIN ENERGIE C+D","LIRENE ACID POWER CREME COMBLANTE ANTI AGE 50ML
LIRENE ACID POWER CREME ANTI AGE prévient les dommages à l’ADN des cellules de la peau par les radicaux libres, maintient une élasticité et une fermeté appropriées. 
Composition : 

ACIDE ROMARIQUE EN Supports Sphériques : prévient les dommages à l’ADN des cellules de la peau par les radicaux libres, maintient une élasticité et une fermeté appropriées


HYDROLAT DE ROSE STULIST : régénère, lisse, retarde le processus de vieillissement et apaise les irritations
VITAMINE C SOUS FORME STABLE AVEC UNE ACTIVITÉ BIOLOGIQUE ÉLEVÉE (TÉTRAISOPALMITATE D’ASCORBYLE) : stimule la synthèse de collagène et ralentit la dégradation du collagène, de l’élastine et de l’acide hyaluronique, comblant les rides de l’intérieur; accélère la régénération de l’épiderme
L’HUILE DE GERME DE BLÉ : hydrate, régénère et rend la peau douce, grâce à la teneur en acides gras insaturés, il raffermit et retarde le processus de vieillissement
SQUALANE : renforce la barrière protectrice, complétant les carences en lipides de l’épiderme ; hydrate et raffermit la peau
ACIDE HYALURONIQUEDE HAUT MOLÉCULAIRE : minimise la perte d’eau de l’épiderme
 VITAMINE E : a un effet rajeunissant et protecteur

Składniki/Ingredients: Aqua (Water), Canola (Canola) Oil, Squalane, Caprylic/Capric Triglyceride, Cetearyl Alcohol, Glycerin, Decyl Oleate, Dicaprylyl Ether, Pentylene Glycol, Potassium Cetyl Phosphate, Sodium Polyacrylate, Ascorbyl Tetraisopalmitate, Lonicera Caprifolium (Honeysuckle) Flower Extract, Rosa Centifolia Flower Water, Lonicera Japonica (Honeysuckle) Flower Extract, Lecithin, Sodium Hyaluronate, Rosmarinus Officinalis (Rosemary) Leaf Extract, Triticum Vulgare (Wheat) Germ Oil, Helianthus Annuus (Sunflower) Seed Oil, Pentaerythrityl Distearate, Sodium Phytate, Tocopherol, Hydroxyethylcellulose, Ethylhexylglycerin, Ascorbyl Palmitate, Phenoxyethanol, Parfum (Fragrance)
Conseils d’utilisation : 
 


Matin et soir, masser LIRENE ACID POWER CREME sur la peau du visage et du cou en évitant le contour des yeux.
Pendant l’utilisation, protéger la peau avec un filtre UV contre l’exposition au soleil.
Immédiatement après l’application, il peut y avoir une légère sensation de brûlure, qui est une réaction naturelle de la peau à l’action des acides."
"1758851918-19","https://www.gssante.com/category/nos-produits/lirene/vitamin-energy-cd/?action=souscat&id_cat=38","ACIDE POWER","https://www.gssante.com/category/nos-produits/lirene/acide-power/?action=souscat&id_cat=38","Acid Power
                                Sèrum Lissant Hydratante
                                                                Peaux Sèches & Hypersensibles (sujettes aux rougeurs)
                                                            
                                                        Voir plus","https://www.gssante.com/serum-lissant-hydratante/?action=souscat&id_cat=38&id_cat1=49","Sèrum Lissant Hydratante","https://www.gssante.com/MtdGssante/uploads/2024/02/serum-bleu.jpg","Lirene","VITAMIN ENERGIE C+D","LIRENE ACID POWER SERUM HYDRATANT 30ML
LIRENE ACID POWER SERUM HYDRATANT est conçu pour le soin des peaux sèches et couperosées.Sa composition comprend un complexe d’acides qui stimulent les processus de renouvellement de la peau, grâce auxquels elle se régénère plus rapidement et retrouve son élasticité et son aspect jeune.
Composition : 

COMPLEXE D’ACIDES LACTIQUE ET LACTOBIONIQUE (7%) : pénètre l’épiderme, stimulant son renouvellement; grâce à cela, les cellules nouvellement formées déplacent les cellules plus anciennes (kératinisées) vers la surface, où elles sont exfoliées, en conséquence, la peau se régénère, retrouve son élasticité et son éclat, et les rides et ridules deviennent visiblement moins profondes
ACIDE LACTIQUE : grâce à sa capacité à lier l’eau, il augmente le niveau d’hydratation pendant longtemps
ACIDE LACTOBIONIQUE : réduit la visibilité des rougeurs et des télangiectasies
ACIDE HYALURONIQUE DE HAUT MOLÉCULAIRE : prévient la déshydratation et lisse la peau
20% HYDROLAT DE BLEUET : apaise les irritations et les rougeurs, et la haute teneur en antioxydants protège des radicaux libres responsables du vieillissement cutané extrinsèque

Aqua (Water), Centaurea Cyanus Flower Water, Glycerin, Propanediol, Lactic Acid, Lactobionic Acid, Sodium Hydroxide, Inulin, Sodium Hyaluronate, Fructose, Glucose, Cellulose Gum, Sodium Phytate, Xanthan Gum, Cellulose, Calcium Gluconate, Gluconolactone, Sodium Benzoate
 
Conseils d’utilisation : 

Masser LIRENE ACID POWER SERUM HYDRATANT le soir sur la peau du visage nettoyée et soigneusement séchée en évitant le contour des yeux et de la bouche.
Appliquez votre crème Lirene préférée.
Pendant l’utilisation et une semaine après utilisation, il est recommandé de protéger la peau avec un filtre UV élevé contre l’exposition au soleil.
Immédiatement après l’application, il peut y avoir une légère sensation de brûlure, qui est une réaction naturelle de la peau à l’action des acides."
"1758851923-20","https://www.gssante.com/category/nos-produits/lirene/vitamin-energy-cd/?action=souscat&id_cat=38","ACIDE POWER","https://www.gssante.com/category/nos-produits/lirene/acide-power/?action=souscat&id_cat=38","Acid Power
                                Crème Hydratante
                                                                Peaux Sèches & Hypersensibles (sujettes aux rougeurs)
                                                            
                                                        Voir plus","https://www.gssante.com/creme-hydratante-2/?action=souscat&id_cat=38&id_cat1=49","Crème Hydratante","https://www.gssante.com/MtdGssante/uploads/2024/02/creme-bleu.jpg","Lirene","VITAMIN ENERGIE C+D","LIRENE ACID POWER CREME LISSANTE HYDRATANTE 50ML
LIRENE ACID POWER CREME LISSANTE HYDRATANTE améliore l’hydratation et l’élasticité; en même temps, elle réduit la visibilité des rougeurs et restaure un teint sain.
Composition : 

ACIDE LACTOBIONIQUE
HYDROLAT DE BLEUET : apaise les irritations et les rougeurs ; haute teneur en antioxydants protège contre les effets néfastes des radicaux libres responsables du vieillissement cutané
ACIDE HYALURONIQUE DE HAUT MOLÉCULAIRE : minimise la perte d’eau de l’épiderme, lisse et apaise la peau
VITAMINE B₃ : soutient la régénération de l’épiderme, régule la production de céramides nécessaires au maintien de la santé et de la jeunesse de la peau :
BAIES DE GOJI DE L’HIMALAYA : appelées « baies heureuses », contiennent des nutriments aux propriétés antioxydantes, énergisantes et lissantes pour la peau
HUILE DE CHANVRE ET BEURRE DE KARITE : donner à la peau douceur et élasticité
VITAMINE E : a un effet rajeunissant et protecteur


Aqua (Water), Propanediol, Glyceryl Stearate, Butyrospermum Parkii (Shea) Butter, C13-15 Alkane, Cetearyl Alcohol, Dimethicone, Cetyl Alcohol, Lactobionic Acid, C15-19 Alkane, Glycerin, Niacinamide, Centaurea Cyanus Flower Water, Sodium Hyaluronate, Cannabis Sativa (Hemp) Seed Oil, C13-14 Isoparaffin, Helianthus Annuus (Sunflower) Seed Oil, Salvia Hispanica Seed Extract, PEG-75 Stearate, Hydroxyacetophenone, Polyacrylamide, Ceteth-20, Steareth-20, Xanthan Gum, Tocopherol, Laureth-7, Sodium Phytate, Lycium Barbarum Fruit Extract, Citric Acid, Sodium Benzoate, Potassium Sorbate, Parfum (Fragrance)

Conseils d’utilisation : 

Matin et soir, masser LIRENE ACID POWER CREME sur la peau du visage et du cou en évitant le contour des yeux.
Pendant l’utilisation, protéger la peau avec un filtre UV contre l’exposition au soleil.
Immédiatement après l’application, il peut y avoir une légère sensation de brûlure, qui est une réaction naturelle de la peau à l’action des acides."
"1758851929-21","https://www.gssante.com/category/nos-produits/lirene/vitamin-energy-cd/?action=souscat&id_cat=38","MEZO COLLAGÈNE","https://www.gssante.com/category/nos-produits/lirene/mezo-collagene/?action=souscat&id_cat=38","mezo collagéne
                                Crème de Jour Liftante
                                                                Meso Peptide UltraFiller 50ML
                                                            
                                                        Voir plus","https://www.gssante.com/creme-de-jour-liftante/?action=souscat&id_cat=38&id_cat1=48","Crème de Jour Liftante","https://www.gssante.com/MtdGssante/uploads/2024/02/mezo-jour.jpg","Lirene","VITAMIN ENERGIE C+D","LIRENE MEZO COLLAGENE CREME DE JOUR LIFTANTE 40+ 50ML
LIRENE MEZO COLLAGENE CREME DE JOUR LIFTANTE 40+ est une crème liftante hydratante à usage quotidien pour le soin quotidien de tous les types de peau après 40 ans.
Lirene Mezo Collagene Crème active liftante hydratante 40+ pour le jour procure une hydratation intensive, un lissage et une amélioration de l’élasticité, ainsi qu’une réduction visible de l’apparence des rides.

HYDRAQTIVE Retient l’eau dans la peau
ULTRAFILLER retend fortement la peau et comble les rides
MESOPEPTIDE active les processus de régénération et augmente la production de collagène"
"1758851933-22","https://www.gssante.com/category/nos-produits/lirene/vitamin-energy-cd/?action=souscat&id_cat=38","MEZO COLLAGÈNE","https://www.gssante.com/category/nos-produits/lirene/mezo-collagene/?action=souscat&id_cat=38","mezo collagéne
                                Crème De Nuit
                                                                meso peptide Avocado oil  50ML
                                                            
                                                        Voir plus","https://www.gssante.com/creme-de-nuit-3/?action=souscat&id_cat=38&id_cat1=48","Crème De Nuit","https://www.gssante.com/MtdGssante/uploads/2024/02/mezo-night.jpg","Lirene","VITAMIN ENERGIE C+D","LIRENE MEZO COLLAGENE CREME NUIT CORRECTRICE RIDES 40+ 50ML
LIRENE MEZO COLLAGENE CREME NUIT CORRECTRICE RIDES 40+ a été créé sur la base d’un système unique de mésothérapie non invasive contrôlée. Le mésopeptide réparateur contenu dans la crème stimule 10 facteurs de jeunesse de la peau
LIRENE MEZO COLLAGENE CREME NUIT est riche en :

Le mésopeptide fortement rajeunissant stimule les cellules à produire du collagène, grâce auquel la structure appropriée de la peau est maintenue. Les fibres de protéines naturelles sont reconstruites, la fermeté et l’élasticité sont restaurées et les rides sont moins visibles.


L’huile d’avocat, riche en vitamines A, E, KI Pp et en acides gras insaturés, nourrit et régénère la peau en profondeur, tout en créant une barrière protectrice hydrolipidique. apaisant et graissant

Le soin de nuit consiste LIRENE MEZO COLLAGENE à compléter les ingrédients que la peau a perdus au cours de la journée. Les peaux délicates ont besoin d’être apaisées et enveloppées d’allantoïne apaisante. Le beurre de karité imite la structure de la couverture lipidique naturelle de la peau, grâce à laquelle il a un effet hydratant et nourrissant."
"1758851941-23","https://www.gssante.com/category/nos-produits/lirene/vitamin-energy-cd/?action=souscat&id_cat=38","VEGAN (Hydratation&Nutrition)","https://www.gssante.com/category/nos-produits/lirene/vegan/?action=souscat&id_cat=38","Vegan
                                Cerise hydratante
                                                                Crème Renforçante & Hydratante 50ml
                                                            
                                                        Voir plus","https://www.gssante.com/cerise-hydratante/?action=souscat&id_cat=38&id_cat1=44","Cerise hydratante","https://www.gssante.com/MtdGssante/uploads/2021/04/nawilzajacy_krem_wzmacniajacy_WISNIA_10E07093_EU_krt.png","Lirene","VITAMIN ENERGIE C+D","La crème hydratante de jour et de nuit à la cerise a un effet rajeunissant et stimule la production de collagène. Riche en principes actifs, il hydrate, renforce et raffermit la peau en profondeur, la rendant douce. La cerise contenue dans la crème renforce la structure de la peau, ferme les pores et réduit les cernes sous les yeux. En conséquence, la peau est fraîche et éclatante.
Ingrédients actifs:


UNE CERISE DE LA BARBADE
La teneur en vitamine C la plus appréciée parmi tous les fruits connus. Cet ingrédient polyvalent est un puissant antioxydant qui arrête le vieillissement prématuré de la peau, renforce sa structure, hydrate, ferme les pores et aide à réduire les cernes sous les yeux.

JUS DE CITRON
Une riche source de vitamines: C, A et PP, qui activent les cellules de la peau pour la régénération, lui donnant une teinte naturelle et saine.

HUILE D’AVOCAT
C’est une source extrêmement riche en acides gras insaturés et en vitamines A, B, D et E. En conséquence, il hydrate fortement, renforce, nourrit et raffermit la peau, favorisant sa régénération.

VITAMINE C
Il arrête les processus de vieillissement prématuré de la peau, grâce auxquels elle devient éclatante, souple et retrouve une couleur uniforme.

Effets:

91% d’augmentation de la flexibilité
78% raffermissant
70% de restauration de la couleur naturelle
61% de lissage
65% nutrition"
"1758851945-24","https://www.gssante.com/category/nos-produits/lirene/vitamin-energy-cd/?action=souscat&id_cat=38","VEGAN (Hydratation&Nutrition)","https://www.gssante.com/category/nos-produits/lirene/vegan/?action=souscat&id_cat=38","Vegan
                                Avocat lissant
                                                                CRÈME LISSANTE & NOURRISSANTE 50ml
                                                            
                                                        Voir plus","https://www.gssante.com/avocat-lissant/?action=souscat&id_cat=38&id_cat1=44","Avocat lissant","https://www.gssante.com/MtdGssante/uploads/2021/04/odzywczy_krem_wygladzajacy_AWOKADO_10E07915_EU_krt.png","Lirene","VITAMIN ENERGIE C+D","La crème de jour et de nuit lissante à l’avocat hydrate intensément la peau tout en la protégeant de la déshydratation. Il régénère la peau et retarde le processus de vieillissement. Grâce à ses ingrédients, la crème nourrit et raffermit fortement la peau, la peau devient ainsi hydratée et douce au toucher, et les rides fines sont lissées.
Ingrédients actifs:


HUILE D’AVOCAT
C’est une source extrêmement riche en acides gras insaturés et en vitamines A, B, D et E. En conséquence, il hydrate, nourrit et raffermit fortement la peau, favorisant sa régénération. Il réduit également l’irritation cutanée causée par des facteurs externes.

COMPLEXE HYALURONIQUE
Hydrate durablement, protège la peau contre la déshydratation et augmente son élasticité. Il a également un effet lissant et améliore considérablement la fermeté de la peau.

EXTRAIT D’ALGUES MARINES
Il a un fort effet antioxydant, qui retarde le processus de vieillissement de la peau, stimule activement la régénération de l’épiderme et a un effet bénéfique sur la reconstruction de la barrière lipidique de la peau.

Effets:

96% peau lisse
89% d’hydratation intensive 
86% de flexibilité améliorée 
82% nutrition 
79% de régénération profonde"
"1758851948-25","https://www.gssante.com/category/nos-produits/lirene/vitamin-energy-cd/?action=souscat&id_cat=38","VEGAN (Hydratation&Nutrition)","https://www.gssante.com/category/nos-produits/lirene/vegan/?action=souscat&id_cat=38","Vegan
                                Aloe Véra – Régénérant
                                                                CRÈME LIFTING RÉGÉNÉRANTE 50ml
                                                            
                                                        Voir plus","https://www.gssante.com/aloe-vera-regenerant/?action=souscat&id_cat=38&id_cat1=44","Aloe Véra – Régénérant","https://www.gssante.com/MtdGssante/uploads/2021/04/liftingujacy_krem_regenerujacy_ALOES_10E07095_EU_krt.png","Lirene","VITAMIN ENERGIE C+D","La crème de jour et de nuit régénérante à l’aloès hydrate et apaise activement la peau. Il nourrit et régénère en profondeur l’épiderme, augmente son élasticité et restaure une apparence plus jeune du visage. La peau devient plus lisse, plus ferme et naturellement rajeunie.
Ingrédients actifs:


ALOE VERA
Ingrédient extrêmement efficace à action multidirectionnelle. Grâce à ses propriétés uniques, il hydrate en profondeur. Il est riche en nutriments qui stimulent la régénération cellulaire.

BEURRE DE KARITÉ
Un ingrédient naturel aux fortes propriétés adoucissantes et protectrices. Régénère, nourrit et hydrate la peau. Il présente des propriétés protectrices, agissant comme un filtre UV naturel.

COMPLEXE LIPIDIQUE NATUREL À LA VITAMINE A.
Il stimule l’auto- régénération des cellules de la peau, augmente son élasticité et procure un fort effet lifting, restaure une apparence plus jeune du visage.

Effets:

93% d’augmentation de l’hydratation 
93% nutrition 
93% de lissage 
75% d’amélioration de la flexibilité 
75% d’augmentation de la fermeté"
"1758851951-26","https://www.gssante.com/category/nos-produits/lirene/vitamin-energy-cd/?action=souscat&id_cat=38","VEGAN (Hydratation&Nutrition)","https://www.gssante.com/category/nos-produits/lirene/vegan/?action=souscat&id_cat=38","Vegan
                                Amande Nourrissante
                                                                CRÈME NOURRISSANTE & RAFERMISSANTE
                                                            
                                                        Voir plus","https://www.gssante.com/amande-nourrissante/?action=souscat&id_cat=38&id_cat1=44","Amande Nourrissante","https://www.gssante.com/MtdGssante/uploads/2021/04/ujedrniajÑcy_krem_odzywczy_MIGDAL_10E07094_EU_krt.png","Lirene","VITAMIN ENERGIE C+D","La crème nourrissante de jour et de nuit à l’amande grâce à ses riches nutriments possède des propriétés anti-rides et stimule la production de collagène. L’huile d’amande qu’elle contient régule l’équilibre hydrique et lipidique de la peau, inhibe le processus de vieillissement et favorise la régénération. La peau est visiblement plus lisse, plus élastique et mieux hydratée. Le visage impressionne par son apparence juvénile.
Ingrédients actifs:


LA FORME ACTIVE DE LA VITAMINE A
Il a un fort effet anti-rides et aide à garder une apparence jeune plus longtemps.

VITAMINE C
Il arrête les processus de vieillissement prématuré de la peau, grâce auxquels il retrouve sa fermeté et sa couleur uniforme.

HUILE D’AMANDE
Ingrédient naturel efficace qui adoucit fortement la peau et possède des propriétés apaisantes. Il régule l’équilibre hydrique et lipidique de la peau, ralentit le vieillissement et soutient le processus de régénération. Associé aux céramides, il restaure la barrière lipidique naturelle de la peau, assurant un niveau d’hydratation approprié.

VITAMINES C ET E
En protégeant la peau contre les radicaux libres et le photo vieillissement, ils préviennent la formation de nouvelles rides.

Effets:

89% d’amélioration de l’état de la peau 
85% nutrition 
81% d’augmentation de l’élasticité de l’épiderme 
81% d’hydratation améliorée 
81% d’augmentation de la fermeté"
"1758851959-27","https://www.gssante.com/category/nos-produits/lirene/vitamin-energy-cd/?action=souscat&id_cat=38","SOIN INTENSE (Mains & Pieds)","https://www.gssante.com/category/nos-produits/lirene/soin-intense/?action=souscat&id_cat=38","CRÉME MAINS
                                MAGNOLIA : Crème Mains et Ongles
                                                                15% COMPLEX HYDRATANT 75ml
                                                            
                                                        Voir plus","https://www.gssante.com/magnolia-creme-mains-et-ongles/?action=souscat&id_cat=38&id_cat1=43","MAGNOLIA : Crème Mains et Ongles","https://www.gssante.com/MtdGssante/uploads/2021/04/main-violet.jpg","Lirene","VITAMIN ENERGIE C+D","La crème pour les mains et les ongles profondément hydratante est destinée aux peaux sèches et rugueuses des mains qui nécessitent une alimentation quotidienne. Formule d’huile au complexe hydratant à 15% :

• hydrate intensément la peau rugueuse,

• adoucit et nourrit visiblement,

• redonne aux mains une apparence soignée.

L’extrait de magnolia régénère et hydrate pendant longtemps. L’huile de soja laisse la peau lisse, douce et hydratée après une seule utilisation.
Ingrédients actifs :
HUILE DE SOJA
Huile obtenue à partir de graines de soja. Il contient environ 50% d’acide linoléique, l’un des principaux acides du groupe EFA.
MAGNOLIA (MAGNOLIA LILIIFLORA)
Extrait de magnolia  (Magnolia liliiflora)  (à partir de bourgeons et de fleurs)  – Les  bourgeons et les fleurs de magnolia contiennent: des huiles essentielles, des sucres, des flavonoïdes. Les flavonoïdes ont des propriétés anti- (réagissent avec les radicaux libres, anti-inflammatoires et empêchent la dégradation des fibres de collagène.
PANTHÉNOL
Précurseur naturel de la vitamine B5, il pénètre facilement dans les couches profondes du derme, stimulant la croissance et le renouvellement de l’épiderme et des cellules du derme. Facilite la guérison de divers types de lésions cutanées.
Effets:
La crème est rapidement absorbée, tout en éliminant le problème des mains sèches et rugueuses après seulement quelques utilisations."
"1758851964-28","https://www.gssante.com/category/nos-produits/lirene/vitamin-energy-cd/?action=souscat&id_cat=38","SOIN INTENSE (Mains & Pieds)","https://www.gssante.com/category/nos-produits/lirene/soin-intense/?action=souscat&id_cat=38","CRÉME MAINS
                                SAUGE : Masque Crème Mains et Ongles
                                                                20% COMPLEXE APAISANT 75mL
                                                            
                                                        Voir plus","https://www.gssante.com/sauge-creme-mains-et-ongles/?action=souscat&id_cat=38&id_cat1=43","SAUGE : Masque Crème Mains et Ongles","https://www.gssante.com/MtdGssante/uploads/2021/04/mains-25.jpg","Lirene","VITAMIN ENERGIE C+D","Le masque-crème apaisant instantanément pour les mains et les ongles est un soin régénérant pour les peaux très sèches et gercées des mains. Formule unique à 20% de complexe apaisant:

• régénère et renouvelle visiblement la peau

• apporte un soulagement immédiat

• réduit la sensation de rugosité et de gerçures visibles L’

extrait de sauge apporte un soulagement, apaise les irritations. De plus, il lisse la peau, redonnant aux mains une apparence saine et belle. L’huile de paraffine protège la peau et les ongles des facteurs externes, y compris les détergents. Il renforce la barrière protectrice naturelle qui permet à la peau de s’hydrater et de se régénérer après une seule utilisation.
 
Ingrédients actifs :



SALVIA OFFICINALIS
Il a un effet astringent et antiseptique. Il stimule la peau et la circulation sanguine, possède des propriétés antibactériennes, désinfectantes, anti-inflammatoires et anti-acnéiques.

ALLANTOINE
Il apaise les irritations cutanées, est couramment utilisé en médecine comme composant de pommades et de poudres utilisées pour traiter les lésions cutanées difficiles à cicatriser.

VITAMINE E
Antioxydant actif, protège les fibres de collagène contre la dégradation, protégeant la peau contre les effets du vieillissement prématuré.

BEURRE DE KARITÉ
Il a des propriétés cicatrisantes et adoucissantes pour la peau. Cette matière première protège naturellement la peau contre les effets néfastes du soleil et du vieillissement cutané prématuré.

HYALURONATE DE SODIUM
C’est un dérivé de l’acide hyaluronique, l’un des mucopolysaccharides naturels. Il agit comme un moyen de retenir l’eau dans l’espace interstitiel. À cet égard, c’est l’une des substances hydratantes les plus puissantes des cosmétiques.


 
 
Effets :
La peau est hydratée et régénérée après une seule utilisation."
"1758851968-29","https://www.gssante.com/category/nos-produits/lirene/vitamin-energy-cd/?action=souscat&id_cat=38","SOIN INTENSE (Mains & Pieds)","https://www.gssante.com/category/nos-produits/lirene/soin-intense/?action=souscat&id_cat=38","CRÉME MAINS
                                CASSIS : Sérum Mains et Ongles
                                                                25% COMPLEXE REGENERANT 75ml
                                                            
                                                        Voir plus","https://www.gssante.com/cassis-creme-mains-et-ongles/?action=souscat&id_cat=38&id_cat1=43","CASSIS : Sérum Mains et Ongles","https://www.gssante.com/MtdGssante/uploads/2021/04/mains-noir.jpg","Lirene","VITAMIN ENERGIE C+D","Le sérum régénérant pour les mains et les ongles a été créé pour les peaux sèches, rugueuses et abîmées qui ont besoin de rajeunissement. Formule professionnelle au complexe régénérant à 25%:

• nourrit et lisse intensément,

• accélère le renouvellement des peaux irritées,

• rajeunit visiblement la peau des mains et des ongles.

L’huile d’argan laisse une couche protectrice invisible sur la peau qui protège contre les détergents et la perte d’eau.

L’extrait de cassis régénère intensément, améliorant l’apparence de la peau endommagée sur les mains et les ongles. En conséquence, le sérum produit l’effet de mains et d’ongles visiblement rajeunis, bien entretenus et d’apparence saine.
Ingrédients actifs :


HUILE DE CASSIS, RIBES NIGRUM
Il contient de grandes quantités d’acide linoléique et d’acide γ-linolénique. Restaure l’équilibre perdu de l’épiderme. Il hydrate la peau, restaure ses fonctions protectrices en créant une barrière anti-infectieuse appropriée. Il est également anti-inflammatoire et anti-allergique. Il normalise les fonctions cutanées perturbées causées par le vieillissement ou les influences environnementales négatives.

HUILE D’ARGAN
Riche en vitamine E et en acides gras insaturés. Convient pour le soin des peaux à problèmes et à tendance acnéique, mais également recommandé pour les peaux sèches, sensibles et allergiques. L’huile d’argan a des propriétés lissantes, antiseptiques et protectrices.

VITAMINE E
En tant qu’antioxydant actif, il protège les fibres de collagène contre la dégradation, protégeant la peau contre les effets du vieillissement prématuré.

EXTRAIT D’ORANGE
L’extrait de fruit d’orange amère contient, entre autres sucres, acides organiques (citriques), vitamines (C, P, A, B1, B2), pectines, sels minéraux (K, Ca, P, Mg), flavonoïdes, glycosides flavonoïdes. Il a un effet aromatisant, stimulant, bactéricide et fongicide et anti-acnéique.

BEURRE DE KARITÉ
Il a des propriétés cicatrisantes et adoucissantes pour la peau. Cette matière première protège naturellement la peau contre les effets néfastes du soleil et du vieillissement cutané prématuré.

PROTÉINES D’AMANDE DOUCE
L’extrait de graines d’amande a un effet hydratant, apaisant et adoucissant. Huile, lisse et nourrit la peau.

Effets:
Le sérum procure l’effet de mains et d’ongles visiblement rajeunis, nets et d’apparence saine."
"1758851971-30","https://www.gssante.com/category/nos-produits/lirene/vitamin-energy-cd/?action=souscat&id_cat=38","SOIN INTENSE (Mains & Pieds)","https://www.gssante.com/category/nos-produits/lirene/soin-intense/?action=souscat&id_cat=38","CRÉME MAINS
                                ROSE : Crème Mains et Ongles
                                                                30% COMPLEXE APAISANT 75ml
                                                            
                                                        Voir plus","https://www.gssante.com/rose-creme-mains-et-ongles/?action=souscat&id_cat=38&id_cat1=43","ROSE : Crème Mains et Ongles","https://www.gssante.com/MtdGssante/uploads/2021/04/mains-30.jpg","Lirene","VITAMIN ENERGIE C+D","La crème nourrissante intensive pour les mains et les ongles est le produit idéal pour les peaux gercées qui ont besoin d’un renouvellement en profondeur. Grâce à sa formule concentrée à 30% de complexe nutritionnel, la crème:

• élimine la sensation de sécheresse et de tiraillements,

• apaise et apaise les peaux irritées,

• protège les mains et les ongles des agressions.

L’huile de rose hydrate la peau et renforce les ongles, procurant une belle apparence soignée. Le beurre de karité nourrissant rend la peau régénérée, douce et lisse après une seule utilisation.
Ingrédients actifs :


HUILE DE ROSE (HUILE DE ROSA CANINA FRIUT, ROSA MOSQUETA)
Huile naturelle obtenue à partir de graines de rose, cultivar Rosa mousqueta, poussant au Chili. Les principes actifs Rosa mousqueta participent à la synthèse des membranes cellulaires et à la régénération cellulaire en général, accélèrent la régénération des cellules épidermiques, ralentissent les processus de vieillissement, ont des propriétés anti-rides, contribuent à un aspect lisse de la peau. La matière première est très riche en acides gras essentiels (environ 80%) (acide gamma-linolénique (GLA), acide linoléique (LA) ainsi qu’en acides palmitique et stéarique.

ALLANTOINE
Il apaise les irritations cutanées, est couramment utilisé en médecine comme composant de pommades et de poudres utilisées pour traiter les lésions cutanées difficiles à cicatriser.

VITAMINE E
En tant qu’antioxydant actif, il protège les fibres de collagène contre la dégradation, protégeant la peau contre les effets du vieillissement prématuré.

BEURRE DE KARITÉ (BEURRE DE KARITÉ)
Il a des propriétés cicatrisantes et adoucissantes pour la peau. Cette matière première protège naturellement la peau contre les effets néfastes du soleil et du vieillissement cutané prématuré.

HUILE D’AMANDE DOUCE
Il renouvelle et renforce la couche lipidique naturelle de la peau. Rend la peau correctement lubrifiée, délicate et élastique.

ESTERS D’OLIVE DÉCYLIQUE HYDROGÉNÉS
La cire végétale obtenue à partir d’olives, donne une sensation agréable sur la peau, a de bonnes propriétés émollientes et hydratantes.

HUILE D’AVOKADO
Nourrit la peau correctement.

Effets :
La crème crée une barrière protectrice sur la peau, apportant un soulagement aux mains et réduisant la sensation de rugosité pendant longtemps."
"1758851974-31","https://www.gssante.com/category/nos-produits/lirene/vitamin-energy-cd/?action=souscat&id_cat=38","SOIN INTENSE (Mains & Pieds)","https://www.gssante.com/category/nos-produits/lirene/soin-intense/?action=souscat&id_cat=38","Soin des Pieds
                                Crème Pieds Concentrée lissante
                                                                20% D'urée Huile de babassu paraffine 75ml
                                                            
                                                        Voir plus","https://www.gssante.com/creme-pieds-concentree-lissante/?action=souscat&id_cat=38&id_cat1=43","Crème Pieds Concentrée lissante","https://www.gssante.com/MtdGssante/uploads/2021/04/pieds-vert.jpg","Lirene","VITAMIN ENERGIE C+D","La crème intensément lissante à formule concentrée est destinée au soin des peaux très sèches des pieds à tendance rugueux. La formule intensive à 20% d’urée (UREA) lisse et adoucit efficacement la peau, qui devient lisse et agréable au toucher après une seule application. L’huile de Babassu, riche en acides gras insaturés, soutient l’action de l’urée en adoucissant et en lubrifiant la peau. La crème utilisée réduit systématiquement la tendance à sécher la peau.
Application: appliquer une couche épaisse de crème sur la peau lavée et sèche des pieds, en particulier les talons. Masser jusqu’à absorption. Destiné à une utilisation quotidienne permanente.
Testé dermatologiquement.
Ingrédients actifs :


URÉE (UREA)
Lisse et adoucit efficacement la peau, qui devient lisse et agréable au toucher après une seule application.

HUILE DE BABASSU
Riche en acides gras insaturés, il soutient l’action de l’urée, adoucissant et lubrifiant la peau.

Effets :

Soin de la peau très sèche des pieds.
Réduction de la rugosité."
"1758851977-32","https://www.gssante.com/category/nos-produits/lirene/vitamin-energy-cd/?action=souscat&id_cat=38","SOIN INTENSE (Mains & Pieds)","https://www.gssante.com/category/nos-produits/lirene/soin-intense/?action=souscat&id_cat=38","Soin des Pieds
                                Masque Crème Pieds ultra adoucissant
                                                                30% D'urée Extrait d'arbre à thé 75ml
                                                            
                                                        Voir plus","https://www.gssante.com/masque-creme-pieds-ultra-adoucissant/?action=souscat&id_cat=38&id_cat1=43","Masque Crème Pieds ultra adoucissant","https://www.gssante.com/MtdGssante/uploads/2021/04/pieds-rouge.jpg","Lirene","VITAMIN ENERGIE C+D","Le masque-crème ultra adoucissant est destiné au soin des peaux des pieds très sèches et sujettes à la kératose. La formule à 30% d’urée (UREA) rend la peau douce et lisse et réduit la tendance à développer un épiderme dur et calleux. L’huile de thé contenue dans le masque, aux propriétés antibactériennes, procure une sensation de fraîcheur. La crème est recommandée pour une utilisation comme masque spécial à action intensive pour la nuit ou pour les soins quotidiens.
Application:

appliquer la crème sur la peau lavée et sèche des pieds, en particulier les talons. Masser jusqu’à absorption. Dans le cas d’épiderme épais et calleux, il est recommandé d’appliquer et de masser une couche plus épaisse de crème et de mettre des chaussettes pendant la nuit pour intensifier son effet.
Testé dermatologiquement.
Ingrédients actifs :


FORMULE AVEC 30% D’URÉE (UREA)
Il rend la peau douce et lisse et réduit la tendance à développer un épiderme dur et calleux.

HUILE DE THÉ
Il a un effet antibactérien, procure une sensation de fraîcheur.

Effets :

Régénération de la peau très sèche des pieds.
Restauration de douceur.
Effet antibactérien."
"1758851980-33","https://www.gssante.com/category/nos-produits/lirene/vitamin-energy-cd/?action=souscat&id_cat=38","SOIN INTENSE (Mains & Pieds)","https://www.gssante.com/category/nos-produits/lirene/soin-intense/?action=souscat&id_cat=38","Soin des Mains
                                Des Gants pour les Mains
                                                                MASQUE SOUPLE EN VELOURS 
                                                            
                                                        Voir plus","https://www.gssante.com/des-gants-pour-les-mains/?action=souscat&id_cat=38&id_cat1=43","Des Gants pour les Mains","https://www.gssante.com/MtdGssante/uploads/2021/04/gants.jpg","Lirene","VITAMIN ENERGIE C+D","Les gants régénérants Lirene est un soin professionnel en deux étapes à réaliser à domicile:

1. Gommage gommage acide intensément lissant . Il contient des acides de fruits qui exfolient l’épiderme. Lorsqu’il est appliqué avant l’application du masque, il lisse, facilitant l’absorption des principes actifs. La formule gel du cosmétique se transforme en un délicat peeling «roulant» au contact de la peau.

2. Masque régénérant sous forme de gants imbibés , grâce à la riche composition d’ingrédients nourrissants et hydratants, apporte un soulagement immédiat aux peaux rugueuses et gercées.
Ingrédients actifs:


ACIDES AHA
Dérivés d’extraits de pomme et d’agrumes, ils exfolient et renouvellent efficacement la peau.

BEURRE DE KARITÉ, ALLANTOÏNE, HUILE DE MACADAMIA ET UREA
Ils apaisent les irritations et aident à atténuer les micro-dommages causés par le dessèchement de l’épiderme, en restaurant la douceur de la peau.

Effets:

Lissage de la peau des mains.
Restaure la douceur de la peau sèche.
Atténuer les microdommages."
"1758851983-34","https://www.gssante.com/category/nos-produits/lirene/vitamin-energy-cd/?action=souscat&id_cat=38","SOIN INTENSE (Mains & Pieds)","https://www.gssante.com/category/nos-produits/lirene/soin-intense/?action=souscat&id_cat=38","Soin des Pieds
                                Masque sous forme de Chaussettes
                                                                MASQUE DE KERATOSE DANS LES CHAUSSETTES
                                                            
                                                        Voir plus","https://www.gssante.com/masque-sous-forme-de-chaussettes/?action=souscat&id_cat=38&id_cat1=43","Masque sous forme de Chaussettes","https://www.gssante.com/MtdGssante/uploads/2021/04/chausette-rose.jpg","Lirene","VITAMIN ENERGIE C+D","Le masque sous forme de chaussettes imbibées prêtes à l’emploi contient 7,5% d’un complexe d’acides de fruits  ( lactique et glycolique ), qui stimulent efficacement le processus d’exfoliation de l’épiderme mort, favorisant la régénération de la peau des pieds. L’effet exfoliant intensif du masque dure 7 à 10 jours après l’application. Le riche ensemble d’ingrédients actifs contenus dans le masque prend soin de la peau pendant et après le traitement. UREA  hydrate et régule le processus de kératose, l’  extrait d’herbe asiatique  et l’  huile de coco  régénèrent et adoucissent la peau durcie. Acide salicylique  en association avec du  miel  et  des extraits de rooibos africain ont un effet apaisant sur la peau fraîchement exfoliée.
Ingrédients actifs:


7,5% COMPLEXE D’ACIDES DE FRUITS (LACTIQUE ET GLYCOLIQUE)
Ils stimulent efficacement le processus d’exfoliation de l’épiderme mort.

URÉE
Hydrate et régule le processus de kératose.

EXTRAIT D’HERBE ASIATIQUE ET HUILE DE COCO
Ils régénèrent et adoucissent la peau durcie.

ACIDE SALICYLIQUE EN ASSOCIATION AVEC DU MIEL ET DES EXTRAITS DE ROOIBOS AFRICAIN
Ils ont un effet apaisant sur la peau fraîchement exfoliée.

Effets:

élimine efficacement les peaux mortes 81%  
adoucit la peau durcie 85%  
rend les pieds lisses et délicats 78%"
"1758851986-35","https://www.gssante.com/category/nos-produits/lirene/vitamin-energy-cd/?action=souscat&id_cat=38","SOIN INTENSE (Mains & Pieds)","https://www.gssante.com/category/nos-produits/lirene/soin-intense/?action=souscat&id_cat=38","Soin des Pieds
                                Masque sous forme de Chaussettes
                                                                MASQUE LISSANT IDÉAL EN CHAUSSETTES
                                                            
                                                        Voir plus","https://www.gssante.com/masque-sous-forme-de-chaussettes-2/?action=souscat&id_cat=38&id_cat1=43","Masque sous forme de Chaussettes","https://www.gssante.com/MtdGssante/uploads/2021/04/chausettes-orange.jpg","Lirene","VITAMIN ENERGIE C+D","Les chaussettes régénérantes Lirene sont un soin innovant en deux étapes à réaliser à la maison:

– Peeling aux enzymes à gros grains lissant intensément – appliqué avant l’application du masque, il lisse et nettoie la peau des épidermes morts, augmentant l’absorption des principes actifs.

– Masque régénérant sous forme de chaussettes , grâce à la riche composition en nutriments, élimine instantanément les rugosités et les gerçures de l’épiderme, redonnant aux pieds douceur et douceur.
Ingrédients actifs:


COQUILLES DE NOIX NATURELLES MOULUES, NOYAUX D’ABRICOT ET ENZYME DE PAPAYE
Exfolie et renouvelle efficacement la peau en la lissant.

BEURRE DE KARITÉ, HUILE DE MACADAMIA ET 3% UREA
Ils restaurent la délicatesse et l’élasticité de la peau.

Effets:

Redonne de la douceur aux pieds.
Élimination des peaux mortes.
Élimination de la rugosité."
"1758851993-36","https://www.gssante.com/category/nos-produits/lirene/vitamin-energy-cd/?action=souscat&id_cat=38","NETTOYANTS (Visage&Yeux)","https://www.gssante.com/category/nos-produits/lirene/nettoyants/?action=souscat&id_cat=38","Nettoyants 
                                Eau Micellaire Apaisante à l’aloe Vera
                                                                CHAQUE TYPE DE PEAU, AUSSI SENSIBLE 400ml
                                                            
                                                        Voir plus","https://www.gssante.com/eau-micellaire-apaisante-a-laloe-vera/?action=souscat&id_cat=38&id_cat1=40","Eau Micellaire Apaisante à l’aloe Vera","https://www.gssante.com/MtdGssante/uploads/2021/04/aloe-vera.jpg","Lirene","VITAMIN ENERGIE C+D","L’équipe d’experts du Laboratoire Scientifique de Lirene a créé une formule micellaire unique à l’aloès 100% naturel, basée sur la synergie d’ingrédients nettoyants et apaisants, qui:

• élimine efficacement le maquillage et les impuretés de la peau du visage et du contour des yeux

• soutient les processus de régénération

• hydrate en profondeur

• rafraîchit le liquide grâce à une teneur optimale en micelles, nettoie en profondeur le visage et le contour des yeux du maquillage et des impuretés. L’extrait d’aloès 100% naturel apaise efficacement les irritations et apaise la peau. Grâce à ses propriétés uniques, il hydrate et redonne douceur à la peau, la laissant rafraîchie et régénérée pendant longtemps. Grâce à sa formule délicate, il est également recommandé pour les peaux sensibles.
Ingrédients actifs:
ALOE (ALOE VERA, ALOE BARBADENSIS) :

La matière végétale aux propriétés hydratantes connues depuis des années, car elle contient de nombreux mucopolysaccharides, qui sont des composants du NMF. De plus, il apaise l’inflammation et soutient les processus de régénération cutanée.

Effets:

démaquillage efficace 93%
rafraîchissement de la peau 93%
restauration du confort 80%"
"1758851996-37","https://www.gssante.com/category/nos-produits/lirene/vitamin-energy-cd/?action=souscat&id_cat=38","NETTOYANTS (Visage&Yeux)","https://www.gssante.com/category/nos-produits/lirene/nettoyants/?action=souscat&id_cat=38","Nettoyants 
                                Eau micellaire lissante
                                                                CHAQUE TYPE DE PEAU, AUSSI MATURE 400ml
                                                            
                                                        Voir plus","https://www.gssante.com/eau-micellaire-lissante/?action=souscat&id_cat=38&id_cat1=40","Eau micellaire lissante","https://www.gssante.com/MtdGssante/uploads/2021/04/rose.jpg","Lirene","VITAMIN ENERGIE C+D","L’équipe d’experts du Laboratoire Scientifique de Lirene, inspirée du rituel de nettoyage associé aux soins de la peau, a créé une formule micellaire innovante basée sur la synergie des ingrédients nettoyants et de l’extrait de magnolia rajeunissant.
L’eau micellaire lissante permet d’éliminer efficacement le maquillage et les impuretés de la peau du visage et du contour des yeux. Il est destiné à tous les types de peau, y compris les peaux matures.
Il contient jusqu’à 94% d’ingrédients naturels.
Ingrédients actifs:


EXTRAIT DE MAGNOLIA
Démontre des propriétés rajeunissantes. Il améliore l’élasticité de la peau, nourrit et régénère. Il protège la peau contre la perte d’eau, en maintenant un niveau d’hydratation optimal.

PANTHÉNOL
Précurseur naturel de la vitamine B5, il pénètre facilement dans les couches profondes du derme, stimulant la croissance et le renouvellement de l’épiderme et des cellules du derme. Facilite la guérison de divers types de lésions cutanées.

Effets:

Nettoie efficacement la peau du visage et du contour des yeux du maquillage et des impuretés 100%
Hydrate et soutient la régénération 86%
La peau paraît plus jeune – le produit est parfait pour les peaux matures 75%"
"1758852001-38","https://www.gssante.com/category/nos-produits/lirene/vitamin-energy-cd/?action=souscat&id_cat=38","NETTOYANTS (Visage&Yeux)","https://www.gssante.com/category/nos-produits/lirene/nettoyants/?action=souscat&id_cat=38","Nettoyants 
                                Lotion Tonifiante  Hydratante à base d’Aloe vera & Concombre
                                                                CHAQUE TYPE DE PEAU 200ml
                                                            
                                                        Voir plus","https://www.gssante.com/lotion-tonifiante-hydratante-a-base-daloe-vera-concombre/?action=souscat&id_cat=38&id_cat1=40","Lotion Tonifiante  Hydratante à base d’Aloe vera & Concombre","https://www.gssante.com/MtdGssante/uploads/2021/04/bleu.jpg","Lirene","VITAMIN ENERGIE C+D","L’équipe scientifique du laboratoire scientifique de Lirene a créé une formule tonique innovante basée sur la synergie d’ingrédients nettoyants et intensément hydratants. Il agit à plusieurs niveaux:

• éliminer toutes les impuretés,

• réguler la sécrétion de sébum, nettoyer les pores et réguler le pH de la peau,

• hydrater, apaiser et ternir la peau.
Ingrédients actifs:


ACIDE HYALURONIQUE
Il hydrate en profondeur et crée un film protecteur sur la peau qui la protège contre la perte d’eau.

EXTRAIT DE CONCOMBRE
Nettoie en profondeur les pores.

ALOÈS
Il apaise les irritations et soutient les processus de régénération.

EXTRAIT DE TILLEUL EN ASSOCIATION AVEC L’ALLANTOÏNE
Ils lissent et apaisent parfaitement.

Effets:

72% hydrate et 72% rafraîchit .
100% nettoie * avec précision."
"1758852004-39","https://www.gssante.com/category/nos-produits/lirene/vitamin-energy-cd/?action=souscat&id_cat=38","NETTOYANTS (Visage&Yeux)","https://www.gssante.com/category/nos-produits/lirene/nettoyants/?action=souscat&id_cat=38","Nettoyants 
                                Gel Nettoyant Hydratant
                                                                À L'HUILE DE CASSIS NOIRE 150ml
                                                            
                                                        Voir plus","https://www.gssante.com/gel-nettoyant-hydratant/?action=souscat&id_cat=38&id_cat1=40","Gel Nettoyant Hydratant","https://www.gssante.com/MtdGssante/uploads/2021/04/casis.jpg","Lirene","VITAMIN ENERGIE C+D","Le gel hydratant de cassis nettoie efficacement la peau du visage du maquillage et des impuretés. L’huile de cassis hydrate parfaitement et intensément la peau, lui donnant un aspect frais. Les principes actifs naturels font du soin un plaisir, et les effets d’utilisation sont visibles dès la première utilisation. Convient à tous les types de peau.
Ingrédients actifs:


HUILE DE CASSIS
rétablit l’hydro-équilibre et protège contre la perte d’eau pendant une longue période, laissant la peau profondément hydratée.

BIO-GLYCÉRINE
a d’excellentes propriétés hygroscopiques, accumule de l’eau et la lie dans l’épiderme, empêchant sa perte.

BÉTAÏNE NATURELLE
hydrate la peau pendant longtemps, lui redonnant son élasticité et sa douceur.

Effets:

nettoyage efficace – 100%
rafraîchissement – 97%
hydratation intensive – 72%"
"1758852007-40","https://www.gssante.com/category/nos-produits/lirene/vitamin-energy-cd/?action=souscat&id_cat=38","NETTOYANTS (Visage&Yeux)","https://www.gssante.com/category/nos-produits/lirene/nettoyants/?action=souscat&id_cat=38","Nettoyants 
                                Gel Nettoyant Crémeux
                                                                AVEC D-PANTHENOL 150ml
                                                            
                                                        Voir plus","https://www.gssante.com/gel-nettoyant-cremeux/?action=souscat&id_cat=38&id_cat1=40","Gel Nettoyant Crémeux","https://www.gssante.com/MtdGssante/uploads/2021/04/rosee.jpg","Lirene","VITAMIN ENERGIE C+D","Le gel nettoyant crémeux nettoyant en profondeur à l’amande au D-Panthénol élimine efficacement les impuretés et le maquillage, assurant une sensation de fraîcheur et de propreté.
Ingrédients actifs:


HUILE D’AMANDE
riche en acide oléique et linolénique, il renforce efficacement la barrière lipidique de la peau en la protégeant contre les irritations et la perte d’hydratation. Lisse intensément la peau, qui retrouve sa fraîcheur et son apparence saine.

D-PANTHÉNOL
apaise et apaise les irritations cutanées causées par des facteurs externes. Il laisse la peau délicate et douce au toucher.

COMPLEXE DUOMOIST
une combinaison d’ingrédients hydratants extrêmement efficaces qui lient l’eau dans la peau, l’hydratent intensément et pendant longtemps. La peau devient élastique, délicate et fraîche.

Effets:

nettoyage du maquillage et des impuretés – 97%
rafraîchissement – 100%
lissant et hydratant – 87%"
"1758852013-41","https://www.gssante.com/category/nos-produits/lirene/vitamin-energy-cd/?action=souscat&id_cat=38","NETTOYANTS (Visage&Yeux)","https://www.gssante.com/category/nos-produits/lirene/nettoyants/?action=souscat&id_cat=38","Nettoyants 
                                Pâte d’Argile Nettoyante
                                                                Pâte D'argile au bambou, à la menthe et à l'orange 150ML
                                                            
                                                        Voir plus","https://www.gssante.com/pate-dargile-nettoyante/?action=souscat&id_cat=38&id_cat1=40","Pâte d’Argile Nettoyante","https://www.gssante.com/MtdGssante/uploads/2021/04/orange.jpg","Lirene","VITAMIN ENERGIE C+D","La pâte nettoyante à l’argile exfolie en douceur l’épiderme mort, débloque et contracte les pores et élimine l’excès de sébum, laissant la peau lisse et lumineuse, sans sensation de tiraillement. L’utilisation quotidienne de pâte d’argile régule le travail des glandes sébacées et réduit la visibilité des pores. Convient à tous les types de peau.
Ingrédients actifs:


BAMBOU (BAMBUSA VULGARIS)
L’extrait de bambou associé à l’extrait de lotus et de nénuphar forme un complexe hautement hydratant. L’association de plantes asiatiques stimule le renouvellement cellulaire. Il active les processus d’accumulation physiologique et régule la variabilité de l’hydratation.

ORANGE
L’extrait de fruit d’orange amère contient, entre autres sucres, acides organiques (citriques), vitamines (C, P, A, B1, B2), pectines, sels minéraux (K, Ca, P, Mg), flavonoïdes, glycosides flavonoïdes. Une telle composition riche rend la matière première aromatique, stimulante, bactéricide et fongicide, et anti-acnéique.

EXTRAIT DE MENTHE
Il apaise, élimine les rougeurs, les irritations, rafraîchit et régule la microcirculation cutanée. Il stimule les kératinocytes à produire des endorphines B (hormones du bonheur) dans la peau. Cela réduit la douleur. Recommandé pour les peaux délicates et sensibles. Il réduit la réaction de la peau aux facteurs environnementaux nocifs.

ARGILE BLANCHE 


Elle rend la peau plus lisse et plus ferme."
"1758852016-42","https://www.gssante.com/category/nos-produits/lirene/vitamin-energy-cd/?action=souscat&id_cat=38","NETTOYANTS (Visage&Yeux)","https://www.gssante.com/category/nos-produits/lirene/nettoyants/?action=souscat&id_cat=38","Nettoyants 
                                Gommage au Bambou
                                                                POUR TOUS LES PEAUX 75ml
                                                            
                                                        Voir plus","https://www.gssante.com/gommage-au-bambou/?action=souscat&id_cat=38&id_cat1=40","Gommage au Bambou","https://www.gssante.com/MtdGssante/uploads/2021/04/baambee.jpg","Lirene","VITAMIN ENERGIE C+D","Le peeling à gros grains élimine efficacement les cellules mortes de la peau et procure un lissage intense. Il élimine les impuretés et l’excès de sébum, réduit la visibilité des pores et des points noirs, laissant la peau intensément et profondément nettoyée, tout en procurant une agréable sensation de fraîcheur. L’extrait de menthe procure une sensation de fraîcheur et de propreté. Convient à tous les types de peaux, en particulier les peaux mixtes et grasses à imperfections visibles.
Ingrédients actifs:


PARTICULES DE BAMBOU
– les particules naturelles pèlent la peau de manière ultra intensive, la nettoient des impuretés et éliminent l’excès de sébum.

RÉDUCTEUR DE PORES VÉGÉTAL
– débloque et rétrécit visiblement les pores et réduit la production de sébum. La peau est éclaircie et la couleur est uniforme.

EXTRAIT DE MENTHE, BAMBOU, LOTUS ET NÉNUPHAR
– rafraîchit intensément la peau, apportant un soulagement de la pollution.

Effets:

rafraîchissement – 97%
réduction de l’excès de sébum – 87%
visibilité réduite des pores – 77%"
"1758852019-43","https://www.gssante.com/category/nos-produits/lirene/vitamin-energy-cd/?action=souscat&id_cat=38","NETTOYANTS (Visage&Yeux)","https://www.gssante.com/category/nos-produits/lirene/nettoyants/?action=souscat&id_cat=38","Nettoyants 
                                Gel Exfoliant à la Menthe
                                                                POUR TOUS LES PEAUX 150ml
                                                            
                                                        Voir plus","https://www.gssante.com/gel-exfoliant-a-la-menthe/?action=souscat&id_cat=38&id_cat1=40","Gel Exfoliant à la Menthe","https://www.gssante.com/MtdGssante/uploads/2021/04/vertt.jpg","Lirene","VITAMIN ENERGIE C+D","Le gel peeling nettoyant en profondeur élimine efficacement les impuretés, le maquillage et l’excès de sébum, laissant la peau intensément et profondément nettoyée, tout en procurant une agréable sensation de fraîcheur. L’extrait de menthe procure une sensation de fraîcheur et de propreté plus longtemps. Les principes actifs naturels normalisent le travail des glandes sébacées, rétrécissent et nettoient les pores et réduisent la peau grasse et brillante. Convient à tous les types de peau, en particulier les peaux mixtes et grasses.
Ingrédients actifs:


CHARBON DE BAMBOU 
– élimine l’excès de peau morte, réduisant la visibilité des pores et des points noirs. Il absorbe les impuretés et l’excès de sébum, laissant la peau parfaitement lisse et nettoyée en profondeur.

EXTRAITS DE BAMBOU, LOTUS ET NÉNUPHAR 
– riche en silice, normalise la sécrétion de sébum, régénère et hydrate.

EXTRAIT DE MENTHE 
– rafraîchit intensément la peau, apportant un soulagement. Grâce à la teneur en flavonoïdes, la peau est pleine de vitalité.

Effets:

élimination de l’épiderme mort – 96%
réduction de l’excès de sébum – 93%
nettoyage des pores – 82%"
